,Title,label
4," Vai trò, trách nhiệm của thanh niên trong bảo vệ nền tảng tư tưởng của Đảng ",0
731,"Công an đập nhà, đánh dân tại Vườn Rau Lộc Hưng ở Sài Gòn",1
448,Đại gia của công ty Nước Sạch Sông Đà bỏ túi hàng trăm tỷ đồng mỗi năm,1
143,Tuyên bố cứng rắn của Hoa Kỳ về Biển Đông mở đường cho vận động quốc tế chống bành trướng của Trung Quốc,1
474,Từ Gapo đến Lotus,1
52, Giải đáp một số băn khoăn về căn cước công dân ,0
744,Tù nhân lương tâm và bạo quyền CSVN,1
145,Ông Tướng đứng chàng hảng,1
211,LS Trần Hồng Phong: Bất ngờ xuất hiện thông tin mới về vụ oan án Hồ Duy Hải,1
567,Bàn chuyện cái lu!,1
823,Mất niềm tin vào cách mạng,1
561,"Viết cho em, Nguyễn Đặng Minh Mẫn",1
404,Bộ Trưởng Ngô Xuân Lịch lần nữa không dám gọi tên kẻ xâm lược,1
50, Nam A Bank - Ngân hàng Việt đầu tiên triển khai giải pháp Oracle Exadata Cloud at Customer ,0
835,Hải quan Việt Nam: Đến khi nào thôi tiêu cực?!,1
719,Đào tạo tồi thì cử nhân dở,1
270,Làm sao giảm tâm lý căng thẳng trong đại dịch COVID-19?,1
19," “Gạn đục, khơi trong” mùa lễ hội ",0
305,Nguyễn Văn Đài: Mục tiêu thực sự khi công an khám xét nhà cụ Lê Đình Kình,1
303,Tiễn biệt Đại lão Hòa Thượng Thích Quảng Độ,1
46, Hành trình 45 năm của Nhà hát Tuổi trẻ ,0
679,Cơn “ác mộng Trung Hoa” đã thực sự bắt đầu,1
582,Nguyễn Đặng Minh Mẫn: Cô gái kiên cường 8 năm bất khuất,1
255,"Gạo, nỗi lo của người Việt Nam",1
15,Tô Lâm và Nguyễn Phú Trọng thua te tua ở Quốc Hội,1
176,Làm sao giảm bớt lo lắng trong cuộc sống với corona virus,1
343,Làm sao giảm thiểu nguy cơ bị lây nhiễm bởi dịch viêm phổi Vũ Hán,1
709,Ông Trọng đang lú,1
528,"Rút HD 8, Trung Quốc chuẩn bị đưa giàn khoan vào vùng đặc quyền kinh tế Việt Nam?",1
447,Trung Quốc dùng lá bài nông sản để ép Việt Nam trong tranh chấp chủ quyền,1
729,Hoàng Sa: Nuôi chí vững bền,1
94,Kết cục của cơn hoang tưởng xã hội chủ nghĩa,1
565,Hiệu ứng Trần Bắc Hà trong những ngày tới,1
443,Đừng lải nhải mà hãy hành động vì chủ quyền đất nước,1
553,Dân Biểu Chris Hayes phát biểu trước Quốc Hội Úc: Chính phủ Úc có bổn phận bảo vệ ông Châu Văn Khảm,1
689,Ông Trọng đâu rồi?,1
73,Facebook Việt Tân lên án phiên tòa bất công xét xử 29 nông dân Đồng Tâm,1
449,Nguyên nhân khiến Thứ Trưởng Lê Hải An “ngã lầu”,1
793,Nông sản Việt đến bao giờ mới ‘thoát Trung’?,1
181,Bóng ma “thế lực thù địch”,1
128,Hai thượng nghị sĩ yêu cầu Bộ Ngoại Giao Hoa Kỳ nêu vấn đề vi phạm nhân quyền với Việt Nam,1
830,Bớt nổ đi những ông trời con!,1
55,Mỹ muốn thành lập “NATO châu Á” để kìm hãm Trung Quốc,1
791,CSVN lại hăm tăng thuế xăng dầu!,1
200,Phạm Minh Hoàng: Chia sẻ kỷ niệm xúc động với 3 nhà hoạt động vừa bị bắt,1
785,Có nên cảm ơn ông Vũ Trọng Lương?,1
337,"GDP và câu chuyện “lợn cưới, áo mới”",1
373,Trung Quốc muốn biến Campuchia thành tiền đồn quân sự chống Việt Nam,1
483,Khi đế chế sụp đổ vì miếng thịt l…ợn,1
618,Tìm hiểu về cuộc đấu tranh của người dân Hong Kong,1
437,Quyết tử để ra đi: Đất nước mình ngộ lắm phải không anh?,1
319,Lý Thái Hùng: Ông Trọng đưa Trần Quốc Vượng và Vương Đình Huệ vào “tứ trụ”,1
508,Lo cho đảng viên trẻ bị diễn biến hoà bình,1
758,Chuyện 5 chú khỉ và nải chuối,1
619,Hong Kong: Phép thử quyền lực,1
786,Nhìn lại vụ Will Nguyễn,1
62,Doanh nghiệp cũng chờ gói hỗ trợ trên TV,1
163,"Nhà giáo Phạm Minh Hoàng: Những cách thức, công cụ kiểm chứng Fake News",1
308,Trường hợp đảng viên Việt Tân được nêu ra tại Hội Nghị Geneva 2020,1
634,Hội luận cùng Luật sư Nguyễn Văn Đài và Giảng sư Phạm Minh Hoàng,1
120,Báo động đỏ: Rủi ro lây nhiễm Covid-19 cho đội ngũ nhân viên các trung tâm kiểm soát dịch bệnh CDC Việt Nam,1
175,"Phạm Minh Hoàng: Vì sao có 71% người VN được hỏi, nói ‘đất nước của tôi có dân chủ’?",1
382,Phỏng vấn Dân Biểu Saskia Bricmont về Hiệp Định Thương Mại Tự Do EU-VN,1
442,Vì sao Thứ Trưởng Lê Hải An bị sát hại trước ngưỡng cửa Đại hội 13?,1
33," Xây dựng hệ giá trị văn hóa, con người Việt Nam ",0
358,Trấn áp Đồng Tâm – nhà cầm quyền CSVN đã phạm tội gì?,1
28, Cảnh giác với các thủ đoạn chia rẽ khối đoàn kết tôn giáo ,0
812,Ông Trọng gõ cửa Bộ Thông Tin & Truyền Thông,1
607,Luật An Ninh Mạng sẽ được áp dụng nhiều hơn,1
206,Hồ idol,1
712,"Bạo lực học đường: Nguyên nhân, hậu quả, giải pháp",1
64,Về việc Chu Ngọc Anh thay Nguyễn Đức Chung,1
298,Kinh tế Việt Nam bị đình trệ vì phụ thuộc quá nhiều vào Trung Quốc,1
574,"Đảng Việt Tân, Hội Anh Em Dân Chủ và RSF vận động các Dân Biểu Liên Âu",1
625,Biểu tình có thể xảy ra bất cứ lúc nào,1
756,Trần Đại Quang: Nấm mồ và cái chết trong lòng dân,1
436,Khóc cho Trà Mi hay khóc cho Việt Nam,1
116,Tỷ phú Jimmy Lai tuyên bố: Tôi ở lại Hong Kong để tiếp tục chiến đấu,1
825,Nhìn lại vụ cà phê trộn pin,1
519,Trận Waterloo của hoàng đế Tập? – Khi “cái hộp Pandora” Hong Kong đã mở,1
730,Bữa tiệc máu ở thành Hồ,1
446,Hoà Lan: Biểu tình chống Trung Cộng xâm lược Việt Nam,1
520,Bãi Tư Chính: Cảnh sát biển Việt Nam đối đầu tàu hải giám tối tân Trung Quốc,1
430,Những cái giá phải trả cho thân phận “người rơm” với giấc mơ đổi đời,1
379,Vận động chính giới EU trong Ngày Quốc Tế Nhân Quyền 2019,1
26,"Lãnh sự quán CSVN tại Genève, Thụy Sĩ bị phái đoàn COSUNAM gõ cửa",1
551,Căng thẳng gia tăng tại Bãi Tư Chính: Trung Quốc muốn cắt “dây đu Mỹ” của Việt Nam,1
14," Phát hiện, xử lý nghiêm những vi phạm trong lĩnh vực điện ảnh ",0
45,Trò hề “bầu cử” lãnh đạo tại Việt Nam,1
43, Bảo tồn bản sắc cho làng quê Việt Nam ,0
621,Lãnh đạo Phong Trào Dù Vàng vừa ra tù đòi Carrie Lam phải từ chức,1
67,Ai sợ ai?,1
386,Berlin: Các sinh hoạt đánh dấu ngày Quốc Tế Nhân Quyền lần thứ 71,1
629,Vì sao đại biểu quốc hội không muốn xử phạt tài xế uống rượu lái xe?,1
205,Giáo Sư Carl Thayer: Những sắp xếp nhân sự ‘tứ trụ’ trong đại hội 13,1
299,Vụ Đồng Tâm: Công an soạn sẵn bản án cho những người bị bắt giữ?,1
790,Anh Phúc lại nổ nữa,1
576,Đảng Cộng Sản Việt Nam bỏ lỡ cơ hội “có một không hai” để phát triển đất nước,1
122,Nghĩ về “bảo đảm tự do ngôn luận chứ không cổ suý tự do ngôn luận”,1
828,"Thực thi pháp luật không chính danh, não trạng “an ninh nhân dân”",1
701,Bản sắc dân tộc,1
737,Cựu phát ngôn nhân hội Anh em dân chủ sẽ ra tòa phúc thẩm vào 26/12,1
106,Đan Viện Thiên An: 45 năm đối phó với hành vi cướp đất của nhà cầm quyền CSVN,1
40,Bầu kẻ chuyên đốt nhà vào ban chữa lửa,1
690,Tình hình Việt Nam trước việc Nguyễn Phú Trọng ngã bệnh và Lê Đức Anh qua đời,1
334,Brexit: Anh Quốc chính thức rời EU,1
497,Đài Loan thúc giục các nước ngăn chặn Trung Cộng bá quyền ở Biển Đông,1
643,Có thật Việt Nam muốn giảm bớt dòng vốn đầu tư Trung Quốc?,1
453,Bà Hồng Ngát và đường lưỡi bò,1
764,Phải chống việc cho lưu hành đồng Nhân dân tệ tại 7 tỉnh biên giới như đã từng chống Luật Đặc Khu!,1
2,RCEP và những “con tin” của rồng Trung Hoa,1
102,"Hơn 80 Tổ Chức, Đoàn Thể gởi thư chung kêu gọi 3 quốc gia Anh, Nhật, Ấn bác bỏ yêu sách của Trung Cộng tại Biển Đông",1
240,Những bài học lịch sử từ 45 năm qua,1
53,"Hơn 100 chính trị gia, tổ chức quốc tế và nhà hoạt động dân sự đòi công lý cho Đồng Tâm",1
417,Hậu chuyện: Sự sụp đổ của Bức Tường Bá Linh và những bài học cho Trung Quốc 30 năm sau,1
119,Cột đèn bên Tàu có chân,1
20,Câu chuyện thủy điện và sách Tiếng Việt lớp 1,1
652,Hãy lên tiếng và đồng hành cùng dân tộc,1
11, Trách nhiệm nêu gương của người đứng đầu ,0
423,Một chính quyền thiếu tử tế,1
138,CSVN khuyên Bắc Kinh và Hoa Thịnh Đốn nên “kiểm soát bất đồng” ở Biển Đông,1
37,Bài học từ thảm kịch tại thủy điện Rào Trăng 3,1
147,Nhà giáo Phạm Minh Hoàng: Có nhiều bất công trong ngành giáo dục Việt Nam,1
439,Trung Quốc rút Hải Dương 8 để đưa giàn khoan Thạch Du xâm phạm Bãi Tư Chính?,1
586,"Trưởng Ban Tuyên Giáo Võ Văn Thưởng lại sợ mất đảng, mất chế độ!",1
166,Cát Linh – Hà Đông là khúc xương hữu nghị Việt – Trung khó nuốt,1
819,Hiệp sĩ Tây – Hiệp sĩ Ta,1
527,Trung Quốc sử dụng lực lượng dân quân biển vũ trang để chiếm Biển Đông,1
50,Sóng gió ngầm trong hội nghị trung ương 13,1
192,Jakarta và Hà Nội ứng xử khác nhau trước nhà thầu ‘xấu’ Trung Quốc ,1
736,Bóng đá và chủ nghĩa xã hội,1
803,Luật An ninh mạng hay Luật bịt miệng,1
238,Có nên cách chức Tổng Cục Trưởng Tổng Cục Hải quan?,1
827,Áp thuế kịch trần lên xăng dầu: lý do chưa thuyết phục,1
818,Bài học của số đông,1
424,Ước mơ của đảng viên Việt Tân Châu Văn Khảm,1
342,Thông điệp khác của CSVN từ cuộc thảm sát Đồng Tâm,1
114,Những thế lực nào ra tay hạ bệ Chủ Tịch Nguyễn Đức Chung?,1
254,Lại rớt lầu: Trâu bò húc nhau ruồi muỗi chết,1
266,Hợp tác xã đội mồ sống lại?,1
125,Chiến thắng của mạng xã hội,1
639,"Tình hình Việt Nam: Xã hội bất mãn, đấu đá nội bộ bất phân thắng bại",1
570,Chúng ta không phải là những con bò sữa!,1
7," Bảo đảm quyền tự do tín ngưỡng, tôn giáo ở Việt Nam ",0
45, Nới giấy phép cho lao động nước ngoài ,0
738,Tất Thành Cang sắp ‘bị vô lò’ hay đã ‘hạ cánh an toàn’?,1
274,Tại sao Nguyễn Phú Trọng không dám đụng đến Lê Thanh Hải?,1
438,Hèn hạ và khiếp nhược,1
426,Thư ngỏ về Hiệp Định Thương Mại Tự Do EU-Việt Nam của các tổ chức quốc tế,1
498,Nhà báo Phạm Đoan Trang nhận giải thưởng Tự Do Báo Chí 2019 của tổ chức Phóng Viên Không Biên Giới,1
164,ACAT hiệp thông cầu nguyện cho anh Nguyễn Văn Hóa và các TNLT thế giới nhân “Ngày Hỗ Trợ các Nạn Nhân Bị Tra Tấn” của LHQ,1
648,Liệu có xảy ra một Thiên An Môn ở Việt Nam?,1
236,"Thế giới trong đại dịch COVID-19: Ảnh hưởng về kinh tế, xã hội, bang giao quốc tế",1
313,Phạm Minh Hoàng: Cho học sinh đi học lại trong lúc dịch bệnh là “điên rồ”,1
707,Vật vã xin Visa đi Hàn Quốc: nên vui hay buồn?,1
314,Lời chứng của cụ Lê Đình Kình về nguồn gốc khu đất nông nghiệp Đồng Sênh,1
733,Giải quyết dứt điểm BOT trong năm 2018 vẫn chỉ là lời hứa suông,1
356,Dân Biểu Úc lên tiếng về vụ tấn công xã Đồng Tâm 9/1,1
468,Đấu đá bùng nổ với Hội nghị Trung ương 11,1
826,Hiệp sĩ đường phố: Một thất bại về pháp quyền,1
177,Người dân Ấn Độ sôi sục giận dữ trước hành động xâm lược của Trung Quốc ở vùng biên giới Ấn-Trung,1
25,Thủ đô Hà Nội và bãi rác Nam Sơn,1
289,"Phạm Minh Hoàng: Giải pháp cho vấn nạn hạn, mặn của đồng bằng sông Cửu Long",1
380,Bài phát biểu của Chủ Tịch Đảng Việt Tân trong buổi lễ trao Giải Nhân Quyền Lê Đình Lượng 2019 tại London,1
633,Tước quyền kháng cáo của Kỹ Sư Nguyễn Ngọc Ánh?,1
677,Thương cho thân phận thương phế binh VNCH,1
754,EU đề ra chiến lược cạnh tranh với Con Đường Tơ Lụa Trung Quốc,1
613,Nền giáo dục Việt Nam sẽ được khai phóng?,1
322,"1900 công nhân Long An đình công đòi được bảo vệ trước dịch bệnh viêm phổi Vũ Hán, công ty đáp ứng",1
13,Cải cách giáo dục hay cải cách tư tưởng,1
312,Miệng lưỡi Côn An,1
506,Trung Quốc nhất quyết không nhượng bộ người biểu tình Hong Kong,1
718,Sự trỗi dậy bất ngờ của Huawei,1
330,Hong Kong: Nhân viên y tế đình công yêu cầu đóng cửa biên giới với Trung Quốc,1
505,Những “cuộc chia ly màu đỏ” Việt – Trung (Phần 1),1
44,Nguyễn Tấn Dũng tái xuất giang hồ,1
504,Chuyên gia cảnh báo về nguy cơ dân cư Hạ Đình bị nhiễm độc thuỷ ngân,1
766,Dạy cách đánh vần kiểu ‘quái thai’ để làm gì?,1
144,Chuyện hài “truy tố” Hồ Kim Thoa và Vũ Huy Hoàng,1
78,"Vụ án Đồng Tâm: Bị cáo khai bị tra tấn ép cung, tòa án vội vã kết thúc xét xử",1
71,Đồng Tâm – Bất chấp!,1
780,Ai chịu trách nhiệm vụ bắt cóc Trịnh Xuân Thanh?,1
98,"Việt Nam cần thay đổi chính trị, luật pháp để nắm cơ hội phát triển kinh tế",1
159,"Hong Kong biểu tình đòi độc lập, thách thức Luật An Ninh Quốc Gia của Bắc Kinh",1
118,"Cúm Tàu, đại hội đảng CSVN lần thứ 13, bãi Tư Chính và “thuyết âm mưu”",1
460,Câu chuyện Mã Pì Lèng,1
219,30/4: Tự do không tự nhiên mà có,1
35,Bầu cử lãnh đạo: Chính sách chống tham nhũng hay tạo phe cánh,1
536,Bạn bè năm châu chào đón Nguyễn Đặng Minh Mẫn,1
39,Hội nghị trung ương 14 có chuẩn bị xong không?,1
471,Quy định 205 kiểm soát quyền lực: Nguyễn Phú Trọng quyết giữ ghế,1
292,“Bí mật quốc gia”,1
581,Ký sự thăm nuôi TNLT Nguyễn Đặng Minh Mẫn: Bộ mặt côn đồ của an ninh tỉnh Thanh Hóa,1
593,Lê Thanh Hải phủi tay,1
96,Hong Kong thấm đòn,1
369,"Việt Nam 2019, Việt Nam 2020",1
409,Thầy giáo Nguyễn Năng Tĩnh bị tuyên án 11 năm tù và 5 năm quản chế,1
795,Trả Trịnh Xuân Thanh cho Đức để đổi lấy FTA?,1
18,EVN là nút thắt của sự phát triển Việt Nam,1
545,“Những người muôn năm cũ…”,1
222,Cộng Sản Việt Nam lợi dụng đại dịch COVID-19 siết mạng xã hội,1
554,Những ai thở phào nhẹ nhõm khi Trần Bắc Hà tử vong,1
16, Phát triển công nghiệp văn hóa trước yêu cầu của thời đại ,0
749,Chung quy cũng tại ông Hồ,1
191,"Thương tiếc Dân Biểu Anne Marie von Arx-Vernon, người bạn thân thiết của Phong Trào Dân Chủ Việt Nam",1
708,Từ chuyện ông Trọng bị đột quỵ,1
539,Giới trẻ nghĩ gì về Nguyễn Đặng Minh Mẫn và HS.TS.VN,1
555,Đã đến lúc phải kiện Trung Quốc ra tòa án quốc tế,1
452,"Thảm họa sinh thái đô thị, nguyên do không phải từ ông trời",1
750,Quốc tế yêu cầu Venezuela điều tra về cái chết một nhà đối lập,1
611,Sinh viên Hong Kong ra tối hậu thư cho Đặc Khu Trường Carrie Lam,1
668,Lò ông Trọng dùng để đốt loại “củi” nào?,1
770,Vấn nạn “cường hào ác bá” ở nông thôn Việt Nam,1
661,Lại vụ Nhà hát Thủ Thiêm,1
154,Kịch bản của thảm kịch,1
160,"Đã tìm thấy công dân Úc Châu Văn Khảm trong hệ thống nhà tù VN, chính phủ Úc bị thúc giục phải hành động",1
511,Trung Quốc thao túng thông tin bôi nhọ phong trào dân chủ Hong Kong,1
644,Hồ sơ mới về Thiên An Môn – Cuộc họp bí mật đã làm thay đổi Trung Quốc,1
663,Sức mạnh của sự tử tế,1
351,Cảnh báo nguy cơ virus viêm phổi lạ từ Trung Quốc lây lan sang Việt Nam,1
83,Vụ án Đồng Tâm: Các luật sư cho biết nhiều chi tiết mới về cái chết của cụ Lê Đình Kình,1
543,Nguyên nhân sâu xa khiến học sinh chán học lịch sử nước nhà,1
418,Đông Âu hậu Cộng sản và Việt Nam ngày nay*,1
88,Đấu tranh bất bạo động và… sự sợ hãi,1
413,“Còn Đảng mà chẳng còn mình!”,1
157,Ngu gì phải nóng ruột?,1
432,Nhà cầm quyền Hà Tĩnh ủng hộ tập đoàn Trung Quốc đầu tư tại Vũng Áng,1
146,"Súng lãnh đạo đảng, hay đảng lãnh đạo súng?",1
824,"Ngập là tất nhiên, hết ngập mới lạ",1
787,Gần 40% lao động Việt Nam sống dưới mức kham khổ,1
388,Dấu vết đấu đá phe nhóm chính trị trong việc xoá án cho tử tù Hồ Duy Hải,1
327,Đại diện đảng Việt Tân và Cộng Đồng Người Việt tại Nhật gặp gỡ trao kiến nghị cho đại diện Ngân Hàng Mizuho tại Tokyo,1
364,Lãnh đạo đảng Việt Tân gửi hoa viếng lão tướng Nguyễn Trọng Vĩnh,1
33,Từ thiện cũng phải chuyên nghiệp,1
137,Lũ lụt ở Trung Quốc có cuốn trôi triều đại Tập Cận Bình?,1
806,Quyền lực Bộ Chính Trị và quyền lực Nhân Dân,1
556,Báo The Guardian: Ông Châu Văn Khảm bị nhà cầm quyền CSVN không cho gặp luật sư biện hộ,1
606,Giang hồ đại náo kềm chân công an Đồng Nai,1
667,Đà Nẵng “đền” đất cho chủ đầu tư để xoa dịu dư luận,1
657,Mua gì với một tỷ?,1
676,Ông Trọng khoẻ hay yếu có khác gì?,1
10,Ai bẫy để Nguyễn Đức Chung vào tù?,1
44, Đề nghị không bổ sung quy định về thời hạn sở hữu nhà chung cư trong dự thảo Luật Nhà ở (sửa đổi) ,0
178,Người Mỹ da đen và chúng ta – Phần 1,1
384,"Bruxelles: Biểu tình, vận động chính giới EU nhân Ngày Quốc Tế Nhân Quyền 2019",1
814,Giao đất 99 năm: một đại họa dân tộc,1
331,Cựu TNLT Trần Thị Nga nhận giải thưởng Engel-du Tertre của Tổ chức ACAT,1
361,Trịnh Bá Phương thông tin về vụ tấn công và hiện tình tại Đồng Tâm,1
201,"Hôm qua, tôi đã thấy gì?",1
283,Báo Cáo Nhân Quyền 2019 của Bộ Ngoại Giao Hoa Kỳ lên án vi phạm nhân quyền trầm trọng tại Việt Nam,1
27," Những cách làm hiệu quả, thiết thực ",0
655,Các trừng phạt của Hoa Kỳ đe dọa nhấn chìm Trung Quốc ở Biển Đông,1
650,Thảm sát Thiên An Môn: Quan điểm của một người lính,1
494,"Tăng cường kiểm soát tư tưởng chính trị giáo viên, học sinh",1
8,"Viết cho em, Lê Đình Lượng",1
257,Mất cảm giác về mùi vị: Triệu chứng mới được xác định của Covid-19,1
673,"Nguyễn Văn Hóa, những tù nhân khác và tôi",1
321,Vương Đình Huệ sẽ giải quyết vụ Đồng Tâm ra sao?,1
8," Hội chứng chỉ trích, chê bai trên mạng xã hội ",0
209,LS Nguyễn Văn Đài: Công an cố tình xoá dấu vết nghi can Nguyễn Văn Nghị,1
189,Tổng Tham Mưu Trưởng Quân Đội Hoa Kỳ Mark Milley xác định quân đội không can dự vào chính trị,1
485,Cô bé Greta: Gáo nước lạnh tạt vào mặt các lãnh đạo thế giới,1
534,Buổi đón tiếp đầy yêu thương với Nguyễn Đặng Minh Mẫn,1
615,Tự do không miễn phí bao giờ,1
816,Giá dịch vụ đào tạo: Không chỉ là câu chữ,1
572,Frankfurt: Biểu tình đồng hành cùng tù nhân lương tâm tuyệt thực tại Trại giam số 6 bởi bị ngược đãi,1
329,Chính phủ CSVN không chịu đóng biên giới: Việt Nam mất chủ quyền?,1
61,Dân Biểu Hoa Kỳ Alan Lowenthal nhận bảo trợ TNLT Nguyễn Văn Hóa,1
315,Sự phá sản của các bí thư thành ủy,1
604,Tù nhân lương tâm Lê Đình Lượng đang bị trả thù trong Trại giam Nam Hà,1
210,Bộ Công An lại “nợ” luật biểu tình đến năm 2021,1
3,"TNLT Trần Đức Thạch: “Vì quê hương, dù có chết trong tù vẫn vui”",1
521,Trung Quốc đang âm mưu cướp Bãi Tư Chính như Scarborough,1
95,Đảo Síp nơi hạ cánh an toàn,1
252,Hàng chục ngàn người rời khỏi thành phố Vũ Hán ngay sau khi hết lệnh phong tỏa,1
13," Nâng cao trách nhiệm của cán bộ, đảng viên khi sử dụng mạng xã hội ",0
461,Thầy giáo dạy hát bài “Trả lại cho dân” sẽ bị tòa án Nghệ An xét xử ngày 17/10 ,1
110,Vì sao VTV chiếu phim đánh nhau với Trung Cộng ở biên giới năm 1979 vào lúc này?,1
482,Ngay cả quan chức cũng mất niềm tin vào chế độ,1
281,"14/3/2020: Nhớ hải chiến Trường Sa, nhớ 10 năm Thê Húc",1
631,Trò cũng như thầy,1
262,Đã đến lúc người tiêu dùng cần có ý thức về giá trị của sản phẩm nội địa,1
17,Tây Nguyên đã bị bức tử như thế nào?,1
591,Khởi tố Luật Sư Trần Vũ Hải: Âm mưu chính trị của Tô Lâm?,1
196,Nhà Xuất Bản Tự Do được trao giải thưởng Prix Voltaire 2020 của Hiệp Hội các Nhà Xuất Bản Quốc Tế IPA,1
433,Những câu chuyện Việt Nam,1
232,"Ông Lý Thái Hùng: Hệ luỵ của 30 tháng 4 & Mục tiêu, đường lối đấu tranh của Đảng Việt Tân",1
564,Nguyễn Tấn Dũng lại thoát nữa!,1
435,Nhà nước Việt Nam thất bại trước mưu đồ quảng bá đường lưỡi bò của Trung Quốc,1
47,"Ông Lý Thái Hùng: Vì sao hội nghị trung ương 13 không có kết quả “tứ trụ,” Nguyễn Tấn Dũng vẫn gây ảnh hưởng",1
140,Vụ án Hồ Duy Hải: Viện Kiểm Sát Tối Cao tiếp tục phản bác quyết định giám đốc thẩm của Tòa Án Tối Cao,1
552,Trận Waterloo của hoàng đế Tập? – Bước leo thang nguy hiểm ở Tư Chính,1
285,Biến chuyển nghiêm trọng trước khi virus corona chủng mới gây tử vong,1
533,Đừng ngậm máu phun người,1
751,Nạn ‘cống nạp’ của doanh nghiệp cho quan chức,1
231,Từ Hiệp Định Genève 1954 đến 30/4/1975 ai gây tang thương cho dân tộc Việt Nam,1
540,Thơ: Mừng em ra tù,1
484,“Ở Việt Nam không có khủng bố”,1
765,Sách giáo khoa và chính trị,1
465,Cuối cùng Nguyễn Phú Trọng cũng dám nhắc đến Biển Đông,1
354,Ai đồng lõa với Trung Cộng đánh chiếm Hoàng Sa,1
838,"30 tháng 4, đảng viên Việt Tân nghĩ gì",1
202,Câu chuyện “một đít chín ghế”,1
198,Công an lại ngụy biện vụ bắt giữ các nhà yêu nước,1
6, Xử lý nghiêm hành vi chống người thi hành công vụ ,0
822,Oanh tạc cơ Trung Quốc có thể làm mưa làm gió trên Biển Đông?,1
421,HRW kêu gọi CSVN hủy bỏ cáo buộc khủng bố đối với các nhà vận động chính trị,1
54, Khai mạc Năm Du lịch quốc gia 2023 “Bình Thuận-Hội tụ xanh” ,0
371,10 sự kiện nổi bật tại Việt Nam trong năm 2019,1
19,Ung thư chính trị,1
100,"Trao Lá Thư Chung của hơn 80 Đoàn Thể, Cộng Đồng về Biển Đông cho Bộ Ngoại Giao Nhật Bản",1
260,Corona: Trách nhiệm của Trung Quốc và vấn đề toàn cầu hóa,1
811,Ông Phúc thoái lui đợt 1,1
839,Cải tổ Bộ công an để triệt hạ vây cánh Nguyễn Tấn Dũng?,1
412,Sydney: Họp báo ngay sau phiên tòa bỏ túi xét xử ông Châu Văn Khảm,1
179,Tới thời đảng “ăn” cả rác,1
72,Sụp đổ,1
38, Giữ gìn bản sắc văn hóa trong lĩnh vực du lịch ,0
304,Đức Đệ Ngũ Tăng Thống Thích Quảng Độ viên tịch,1
353,Bài hát về Đồng Tâm,1
169,Họ là ai? Vì sao họ tranh đấu? Tại sao họ bị bắt?,1
215,LS Trần Hồng Phong nói về ngày đầu phiên giám đốc thẩm vụ án Hồ Duy Hải,1
338,CSVN sợ “quốc tế hoá” vụ Đồng Tâm,1
802,Lại “định hướng thông tin”,1
516,Nền giáo dục 3 chữ C,1
70,Từ nhà nước công an trị tới chủ nghĩa phát xít ở Việt Nam,1
258,Làm sao cứu đói bà con nghèo trong thời gian cách ly?,1
0, Đắk Nông phản hồi về tình trạng rừng phòng hộ Gia Nghĩa bị đốt cháy ,0
664,Đảng CSVN có phải là vì dân?,1
740,Bắt Nguyễn Thành Tài để giảm nhiệt Thủ Thiêm,1
720,Chuỗi ngọc trai hay sợi thòng lọng!,1
512,Nội bộ Đảng CSVN phân hóa về chủ trương đối với Trung Quốc,1
428,LS Nguyễn Văn Đài: Ông Châu Văn Khảm không phải khủng bố,1
263,"Giữa lúc thế giới lo chống dịch COVID-19, Trung Quốc ngang nhiên đưa máy bay quân sự ra Trường Sa",1
349,Lý Thái Hùng: Việt Tân đồng hành cùng Đồng Tâm đòi công lý,1
692,Sự đa dạng của Cộng đồng người Việt hải ngoại,1
168,Đường vinh quang của CSVN là khủng bố dân lành,1
249,Cần phải kiện Trung Quốc trước Toà Án Trọng Tài Liên Hiệp Quốc,1
794,Mỗi tuần một kiểu “rục rịch” mới,1
595,Hong Kong tuyên bố không lùi bước,1
149,Lần đầu tiên Hoa Kỳ chính thức bác bỏ các tuyên bố chủ quyền ‘bất hợp pháp’ của Trung Quốc ở Biển Đông,1
199,Những điều nguy hiểm của Dự Luật An Ninh Quốc Gia đối với Hong Kong,1
466,Một dân tộc chết mòn,1
131,Hai chữ “ăn năn”,1
748,Washington Post: Hoa Kỳ rút lui khỏi TPP và những hệ lụy cho một Công Đoàn Độc Lập tại Việt Nam,1
513,Washington DC: Biểu tình phản đối Trung Cộng xâm lấn Bãi Tư Chính và CSVN hèn nhược,1
429,Từ ô nhiễm môi trường Formosa đến phong trào xuất khẩu lao động chui,1
47, Sáng tạo thời trang từ văn hóa truyền thống ,0
39," Nhận diện, đấu tranh với những xu hướng tiêu cực trong xuất bản ",0
133,Nhân Ngày Thương Binh Liệt Sĩ 27/7: Một sự thật không được nói tới,1
225,Đa nguyên và khai phóng là nền tảng phát huy tiềm lực đại khối toàn dân,1
58,Đại hội “không chạy chức”,1
797,Gian dối trắng trợn: Dừng Dự Án là thế này đây!,1
566,Ông Trần Bắc Hà chết trong trại tạm giam,1
610,CSVN trong tầm ngắm của Bộ Tài Chánh Hoa Kỳ,1
592,Các đảng viên Cộng Sản có ‘rã rời chân tay’ khi Thủ Tướng Phúc luồn cúi ngoại bang?,1
659,"Nguyễn Phú Trọng lại biến mất, sắp có sóng dữ?",1
578,Hà Tĩnh: Biển suýt chết và rừng thì đang cháy,1
517,Quân sự hoá Bãi Tư Chính: Chiến hạm Việt Nam có dám nổ súng?,1
69,Trung Cộng đang bị bao vây,1
782,"Quang – Trọng húc nhau, làng báo Việt Nam tử",1
85,Đảng Việt Tân cùng nhiều tổ chức gửi thư đến LHQ về phiên tòa xét xử các dân làng Đồng Tâm,1
491,Việt Nam không thể chống tham nhũng nếu không có tự do và minh bạch,1
387,Đảng chỉ đạo báo chí đến bao lâu nữa…,1
324,Về việc Bộ Quốc Phòng tiếp nhận 32 ngàn “công dân” từ Trung Quốc về nước?,1
684,Nguyễn Thiện Nhân hứa với Bộ Chính Trị để làm gì?,1
767,"Nghịch lý ngành than ở Việt Nam: Mua đắt, bán rẻ, tàn phá môi trường",1
302,Tang lễ Đức Đệ Ngũ Tăng Thống Thích Quảng Độ,1
86,Trung Quốc muốn gì qua việc phóng 4 hoả tiễn vào Biển Đông?,1
688,Báo động nạn phá thai ở người trẻ,1
346,Trò chuyện cùng cựu tù nhân lương tâm Trần Thị Nga,1
280,Việt Nam đang bị nhiều “dịch” hoành hành chứ không chỉ có COVID-19,1
42, Bảo tồn bản sắc cho làng quê Việt Nam ,0
415,12 năm tù: Vì anh là người Việt Nam,1
687,Tự do báo chí ảnh hưởng như thế nào đến Việt Nam?,1
381,Tư Lệnh Hạm Đội Thái Bình Dương Hoa Kỳ lên án Trung Quốc quân sự hóa Biển Đông,1
760,Vấn đề dùng bằng giả để tiến thân tại Việt Nam,1
674,"Tăng giá điện, xăng chỉ phục vụ nhóm lợi ích!",1
7,Tự quảng cáo thô bỉ,1
397,6 dân biểu Thụy Sĩ nhận bằng Thành Viên Danh Dự Đảng Việt Tân,1
336,Phạm Minh Hoàng: Sau biến cố Đồng Tâm dân hết tin vào chiến dịch đốt lò của ông Trọng,1
588,Làm sao để Việt Nam có giới trẻ như ở Hong Kong?,1
763,Một báo hiệu mất nước,1
706,Bàn cờ thế sự: Ai thủ lợi trong vụ ông Trọng bị đột quỵ?,1
301,Cuộc phỏng vấn bí mật Đại Lão Hòa Thượng Thích Quảng Độ ở Sài Gòn,1
185,Gói cứu trợ 62 ngàn tỷ đi về đâu?,1
832,Quý soeurs Dòng Thánh Phaolô Hà Nội kêu cứu,1
645,Paris tưởng niệm 30 năm Thiên An Môn,1
208,Xứ “gù”,1
529,Sự hèn nhược của lãnh đạo CSVN,1
537,Câu chuyện của Trường Sa,1
589,Câu chuyện 300 bộ áo dài của bà Kim Ngân!,1
596,Hong Kong: Sai lầm chết người!,1
74,Trung Quốc ve vãn ASEAN,1
139,Trận Waterloo của hoàng đế Tập,1
478,Những lý do phải khởi kiện Trung Quốc,1
617,Nhiệm vụ bất khả thi của Carrie Lam,1
450,Cái chết bí mật trước đại hội 13,1
48,“Đảo chính” trước thềm đại hội 13,1
547,Nguyễn Đặng Minh Mẫn: Người lựa chọn điều tốt nhất,1
694,Nguy cơ mất nước,1
685,Chuyện gì sẽ xảy ra khi ông Trọng vô năng?,1
57,Người Việt và “sự im lặng của bầy cừu”,1
518,Vụ cháu học sinh trường Gateway tử vong: Khía cạnh tâm lý và pháp lý,1
152,Thảm trạng nền kinh tế Việt Nam,1
195,Cảnh sát Hoa Kỳ bày tỏ đoàn kết với người biểu tình “Black Lives Matter”,1
286,LS Nguyễn Văn Đài: 10 năm tù cho Trương Duy Nhất chính xác là đòn thù chính trị,1
434,Những người lính trở về,1
837,Phải “phi đảng phái” Quân Đội,1
829,"Bắt cướp, việc của công an hay của dân?",1
726,Tại sao chúng ta phải đi xe máy?,1
389,Phái đoàn Người Việt tự do gặp gỡ tổ chức Theo Dõi Nhân Quyền tại Berlin,1
784,Mạng xã hội và xóa mù công nghệ,1
495,Những “cuộc chia ly màu đỏ” Việt – Trung (Phần 2),1
542,Việt Nam mất Bãi Tư Chính vì chính sách “3 không”,1
218,Ông Vượng lại chỉ thị tiếp,1
563,8 năm tù không hối tiếc vì khẩu hiệu “HS.TS.VN”,1
250,Đại Tá Brett Crozier và hàng không mẫu hạm mang tên Theodore Roosevelt,1
332,"Tại sao “Quan giàu, nước yếu”?",1
778,Lộ rõ tính chất phe nhóm trong cách xử Trương Minh Tuấn và Đinh La Thăng,1
341,Dòng thời gian lây nhiễm dịch viêm phổi Vũ Hán,1
193,Phạm Minh Hoàng: Bắt dân trả phí chống ngập nhưng chính quyền cũng sẽ không giải quyết,1
637,Ngay cả người Hoa Hong Kong cũng cảnh giác với Trung Cộng,1
136,Chung “con” nguy rồi!,1
642,Shangri-La 2019: Khi “vạc dầu Châu Á” sôi trào,1
22, Khẳng định vị thế quốc tế trong bảo đảm quyền con người ,0
695,Niềm tin,1
363,Khi kẻ khủng bố gắp lửa bỏ tay người,1
587,"30 năm sau “bức tường Berlin”, lịch sử có lặp lại ở Triều Tiên?",1
492,Sức sống mãnh liệt của Tù Nhân Lương Tâm và gia đình họ,1
188,"Chia để “chén,” hay còn gì nữa?",1
265,Hợp tác xã – nỗi ám ảnh của thế kỷ 20,1
590,Vài dòng nhân vụ khởi tố Luật Sư Trần Vũ Hải,1
107,"Sau Nguyễn Đức Chung, đến lượt Chủ Tịch Đà Nẵng Huỳnh Đức Thơ bị thành củi?",1
654,Giá điện tại Việt Nam nhìn từ bát phở!,1
728,Đôi điều suy nghĩ về việc ông Châu Văn Khảm bị bắt,1
31,Ông Phúc khoe thành tích,1
99,Sự ngụy biện của đám tuyên giáo!,1
223,Sau 45 năm ‘giải phóng’ Miền Nam,1
350,"Các nhà hoạt động, nhân sĩ nộp đơn tố giác vụ thảm sát Cụ Lê Đình Kình",1
93,Cậu Ấm Kiên Giang khó thoát,1
696,Vì sao Việt Nam chưa cất cánh?,1
197,Phạm Minh Hoàng: Hành động của ông Lương Hữu Phước thay đổi được gì?,1
742,Chỉ 1 giây thôi!,1
487,Chúng ta chờ ai đây,1
207,Nhà giáo Phạm Minh Hoàng lạc quan với diễn biến mới trong vụ Hồ Duy Hải,1
406,Thông báo Giải Thưởng Nhân Quyền Lê Đình Lượng 2019,1
352,"Paris, Pháp Quốc: Làn sóng “Cùng Hướng Về Đồng Tâm” lan rộng trên thế giới",1
833,Xuất hiện lời kêu gọi Tổng bí thư Trọng “công khai tài sản”,1
66,"Các hội đoàn tại Thụy Sĩ kêu gọi Bộ Ngoại Giao, cơ quan Nhân Quyền Quốc Tế lên tiếng cho Đồng Tâm",1
490,ExxonMobil đòi mức giá ưu đãi nếu không sẽ rút ra khỏi mỏ Cá Voi Xanh,1
752,TBT Nguyễn Phú Trọng được Hội nghị TƯ 8 giới thiệu làm Chủ tịch nước *),1
309,Vận động tự do cho ông Châu Văn Khảm tại Hội Nghị Geneva 2020,1
670,Dân nào nuôi nổi bộ máy này!,1
233,COVID-19:  Cuộc chiến cho sự minh bạch,1
402,Những cái vòi hút ngân sách,1
571,"Khi đất nước lâm nguy, dân có quyền được biết",1
704,Phóng sự: Buổi nói chuyện của Chủ Tịch Đảng Việt Tân tại Sydney,1
30,Những nghịch lý tăng trưởng ở Việt Nam,1
807,Luật an ninh mạng hay Luật theo dõi quần chúng?,1
59,"Đại đô thị, thành phố thông minh …những “giấc mơ ban trưa” của CSVN",1
809,Ân Xá Quốc Tế gửi thư cho các tập đoàn về dự thảo Luật An Ninh Mạng,1
6,Ba đồng một mớ “nhà văn”,1
25, Phát huy vai trò đồng bào dân tộc thiểu số trong xây dựng tiềm lực an ninh quốc gia ,0
541,Ngày về: Những hình ảnh đầu tiên của Nguyễn Đặng Minh Mẫn sau 8 năm tù ngục độc tài CSVN,1
681,Ai bao che cho Formosa?,1
831,Ông Nguyễn Thanh Tú bị ràng buộc bởi thoả thuận vĩnh viễn không được tiếm danh Đảng Việt Tân,1
153,Sao lại sợ Thế Lực Thù Địch đến thế!,1
77,Ban Tuyên Giáo có chỉ đạo hướng dẫn chi tiết báo chí tường thuật vụ án Đồng Tâm,1
598,Paris: Đêm Nguyện Cầu cho Tù Nhân Lương Tâm,1
134,Luật Sư Trần Hồng Phong: Ngụy tạo hồ sơ để che dấu thủ phạm vụ án Bưu Điện Cầu Voi,1
431,Ông Lý Thái Hùng nói về cuốn sách mới “Đông Âu và Việt Nam: 30 Năm Nhìn Lại”,1
5,"Quyền anh, quyền tôi",1
259,CSVN tự tố cáo?,1
743,Phục hồi quyền con người trong chế độ hậu Cộng sản ,1
628,Hong Kong đang trên bờ vực thẳm!,1
126,Canada: Biểu tình đồng hành cùng các sắc dân bạn chống cộng sản Trung Quốc,1
640,Bộ Trưởng Quốc Phòng Trung Cộng tuyên bố láo,1
656,"Bắt thầy Nguyễn Năng Tĩnh, thông điệp nào cho chúng ta?",1
472,Mỹ điều tàu sân bay đến Biển Đông dịp Quốc khánh Trung Quốc,1
227,Môi trường sống đang chết dần bởi bàn tay quan chức Cộng Sản,1
29,Nguyên nhân thảm họa lũ lụt miền Trung,1
457,"Thầy giáo Nguyễn Năng Tĩnh sẽ ra tòa ngày 17/10, bị cáo buộc “tuyên truyền chống nhà nước”",1
357,Xung đột chết người vì đất đai ở Việt Nam để lại những câu hỏi không có câu trả lời,1
544,"Our City, Hải Phòng: Quan chức nào phải chịu trách nhiệm",1
573,Chuyện cái lu và Biển Đông,1
496,Hy sinh đời bố – củng cố đời con,1
459,Gắn camera trong lớp học có giải quyết được vấn nạn bạo hành học đường?,1
273,Càng gần đến đại hội 13 càng thêm nhiều “bí mật” Đảng được tiết lộ,1
368,Ông Lý Thái Hùng: Những thách đố CSVN phải đối mặt trong năm 2020,1
296,Gửi người chiến hữu,1
396,Chế độ tồi thì chính công an cũng thành dân oan,1
213,LS Trần Hồng Phong: Những góc khuất của vụ oan án Hồ Duy Hải,1
622,Giới nghệ sĩ Hong Kong không im lặng trước cái ác,1
183,Việt Báo phỏng vấn ông Hoàng Tứ Duy về Phong Trào Black Lives Matter,1
37, Không thể phủ nhận tự do internet ở Việt Nam ,0
834,Đốt lò ở Thành Hồ,1
583,"Chào đón và cảm ơn Nguyễn Đặng Minh Mẫn, cô gái kiên cường 8 năm bất khuất",1
271,COVID-19: Miễn Nhiễm Cộng Đồng là gì? Nó có thể ngăn chặn được virus corona?,1
101,Phạm Minh Hoàng nói về chiêu trò xếp hạng quốc tế của Đại Học Tôn Đức Thắng,1
481,Cao tốc Bắc Nam: Chỉ chọn nhà thầu Việt Nam không vẫn chưa đủ,1
585,Hong Kong: “The Bill is dead”,1
467,Thoát Trung?,1
722,"Điện tăng giá, lại làm khổ dân",1
212,Ông Nguyễn Xuân Phúc sẽ là tổng bí thư khóa 13,1
80,"Ông Phạm Minh Hoàng: Toàn những gian trá trong điều tra, xét xử vụ án Đồng Tâm",1
680,BOT thất thủ xả trạm – Lý do phải đổi thành Trạm Thu Tiền,1
548,Dự án Cát Linh – Hà Đông,1
632,"Doanh nghiệp Hong Kong đóng cửa, nhân viên đi biểu tình chống Dự Luật Dẫn Độ ",1
279,COVID-19 lây nhiễm như thế nào và làm sao để tránh bị lây nhiễm,1
307,Ông Phạm Minh Hoàng nhận xét về bài thơ của cô giáo Chu Ngọc Thanh,1
451,Giặc đến nhà đàn bà phải đánh!,1
390,Ông Lý Thái Hùng: CSVN kéo cờ trắng ở Biển Đông với chính sách quốc phòng “4 không”,1
288,Làm show “cứu dân”,1
290,Sự sụp đổ của nền kinh tế phụ thuộc,1
248,Vụ TS Bùi Quang Tín: Thêm một “tai nạn đúng quy trình”?,1
745,70 năm Tuyên Ngôn Quốc Tế Nhân Quyền ra đời,1
347,Xin cùng nhau vượt qua mọi khác biệt giúp đồng bào phòng chống đại dịch viêm phổi coronavirus,1
612,Câu chuyện trong tuần: Biểu tình Hong Kong & cao tốc Bắc – Nam,1
711,Bầy ngựa thành Troie của Đảng Cộng Sản Việt Nam,1
224,"45 năm sau, con đường nào cho giáo dục Việt Nam",1
1," Bệnh viện đa khoa Hà Đông: Tăng 30% trẻ khám, điều trị do mắc thủy đậu ",0
608,Vợ Tù Nhân Lương Tâm Trương Minh Đức thuật lại tình trạng ngặt nghèo của ông trong tù,1
725,CSVN muốn thoát Tàu?,1
557,Ông Trọng đang ngứa miệng!,1
774,“Út trọc” và “Vũ nhôm” là những con chốt thí,1
377,Buổi trao Giải Thưởng Nhân Quyền Lê Đình Lượng 2019,1
148,Ông Trọng muốn gì?,1
399,"Tại sao thiếu thầy, thiếu thợ tại Việt Nam",1
251,Lý Thái Hùng: Kinh tế Việt Nam phá sản & Đại hội 13 triển hạn vì Covid-19?,1
14,Hoa hậu và đại hội đảng,1
24, Phát huy vai trò của cộng đồng Việt Nam ở nước ngoài ,0
42,Đức Quốc: Cầu nguyện hỗ trợ ông Lê Đình Lượng tuyệt thực đòi cải thiện chế độ lao tù,1
103,Số đông để bảo toàn lực lượng,1
514,"Houston, Texas: Biểu tình phản đối Trung Quốc xâm lược",1
269,10 hướng dẫn của CDC Hoa Kỳ cho người có triệu chứng bệnh COVID-19,1
455,"Thiếu nhân công kỹ năng cao, Việt Nam bỏ lỡ cơ hội từ chiến tranh thương mại Mỹ-Trung",1
515,Bắc Kinh có dám đàn áp biểu tình Hong Kong?,1
407,Vạch trần cáo buộc vô căn cứ của nhà nước cộng sản với Đảng Việt Tân,1
261,COVID-19: Mọi người có nên đeo khẩu trang để chống dịch lây nhiễm?,1
686,"Nhắm mắt, bịt tai bảo vệ chế độ",1
524,Sự dấn thân của Hà Văn Nam,1
493,Tội phạm Trung Quốc đang đe dọa nghiêm trọng an ninh quốc gia của Việt Nam,1
317,Chính trị vô lương và cái giá phải trả,1
323,Bài hát chống virus corona viêm phổi Vũ Hán,1
810,Đặc Khu: Còn bao nhiêu biến chiêu nữa?,1
278,Vắc-xin chủng ngừa COVID-19 của công ty Đức CureVac sẽ sớm được thử nghiệm,1
454,"Luật sư bào chữa không đến dự, phiên tòa xử thầy giáo Nguyễn Đăng Tĩnh phải hoãn",1
682,Phải đóng cửa vĩnh viễn Formosa Hà Tĩnh,1
836,"Đề xuất đánh thuế nhà đất: Tận thu, vắt kiệt sức dân",1
23, Bảo vệ biên cương văn hóa tư tưởng trên không gian mạng ,0
92,“Một mình tôi thì làm được gì!”,1
538,Em Là Bông Hoa,1
65,Tokyo: Ngày rước lửa truyền thống Đông Du – Đông Tiến,1
216,Vụ oan án Hồ Duy Hải: Sau phiên toà giám đốc thẩm sẽ là gì?,1
739,Tài xế phản đối BOT An Sương An Lạc thu phí “lố” 31 tháng,1
735,Tòa phúc thẩm y án đối với tù chính trị Nguyễn Trung Trực,1
769,Tại sao VTV lại xin tiếp sóng?,1
658,Cuộc chiến giữ đất chưa bao giờ kết thúc,1
277,"Ai xuyên tạc, bôi nhọ quân đội?",1
383,"Kinh tế Việt Nam: Tăng trưởng ảo, vỡ nợ thực!",1
741,Sydney kỷ niệm 70 năm Quốc Tế Nhân Quyền,1
245,Lò xo kinh tế của Thủ Tướng Phúc,1
186,LS Nguyễn Văn Đài: Mục đích của Tô Lâm thông qua kết luận điều tra vụ Đồng Tâm,1
378,Giáo dục và những chuyện buồn muôn thuở,1
546,Đã tới lúc cần nhìn xuyên bộ đồng phục,1
800,Việt Nam đang trở thành bãi rác của Trung Quốc,1
660,"Khó lắm, các đồng chí ạ!",1
203,Vụ Hồ Duy Hải: Khám phá những lời chứng bị cố ý xoá khỏi hồ sơ điều tra,1
398,Cộng Đồng Người Việt Tự Do Úc Châu vận động cho ông Châu Văn Khảm tại Quốc Hội Liên Bang Úc,1
127,World Bank cho chính phủ ông Phúc uống nước đường,1
713,Nghĩ về vấn nạn bạo lực học đường!,1
445,Bà Hồng Ngát và mấy giây đường lưỡi bò,1
18, Tăng cường truyền thông chính sách cho người Việt Nam ở nước ngoài ,0
649,30 năm thảm sát Thiên An Môn,1
771,Thạc sĩ… chống tham nhũng?,1
627,Hong Kong bối rối trước áp lực quần chúng,1
753,Tòa LHQ được yêu cầu phải điều tra lãnh đạo Venezuela,1
360,Người Việt tại Toronto cầu siêu cho các nạn nhân Đồng Tâm,1
0,TNLT Phan Kim Khánh được trao Giải Nhân Quyền Lê Đình Lượng 2020,1
172,Tâm sự của nhà hoạt động Trịnh Bá Tư gởi gia đình và cộng đồng trước khi bị bắt,1
81,Những diễn biến quan trọng trong ngày thứ nhất phiên tòa sơ thẩm vụ án Đồng Tâm,1
805,Tìm lối thoát cho nhau,1
702,Những răn đe lạc quẻ quanh vụ ông Trọng bị đột quỵ,1
698,Hơn 2000 người Việt biểu tình tưởng niệm 30/4 tại Úc,1
530,Trận Waterloo của hoàng đế Tập? – Ai sẽ “chết” trong cuộc chiến tranh tiền tệ Mỹ Trung?,1
475,Vai trò của Bộ Trưởng Y Tế Nguyễn Thị Kim Tiến trong vụ VN Pharma bán thuốc giả,1
757,Ai sẽ thay ông Trần Đại Quang?,1
575,Ông Thưởng công khai chào thua,1
104,Một chính sách bệnh hoạn,1
393,Miễn thị thực hay mở toang phên dậu đón giặc?,1
76,‘Công lý’ của quỉ dữ,1
727,Lạm bàn quanh vụ “dùng chân tác động”,1
509,"Rập khuôn Trung Quốc, Sài Gòn lắp thêm 10.000 camera để giám sát người dân ",1
408,Lời nói sau cùng của Thầy giáo Nguyễn Năng Tĩnh tại tòa án Nghệ An,1
325,Các quan chức tham nhũng giấu tiền bất chính ở đâu?,1
761,Hà Nội yêu cầu Facebook mở văn phòng tại Việt Nam,1
820,Nói biển sạch nhưng chưa công bố bằng chứng,1
243,Thế giới trong đại dịch COVID-19: Tình hình chung,1
21, Xây dựng môi trường văn hóa lễ hội lành mạnh ,0
372,Vĩnh biệt Lão Tướng Nguyễn Trọng Vĩnh,1
187,Đại hội 13 chả có gì mới!,1
550,Lê Thanh Hải sẽ là khúc củi kế tiếp của lò Nguyễn Phú Trọng,1
60,“Bí kíp” biến tiền thành …giấy lộn,1
510,Bộ Quốc Phòng Mỹ lên án Trung Quốc xâm phạm chủ quyền của Việt Nam,1
691,Từ “đánh cho Mỹ Cút” để “rước Tàu và đón Mỹ trở lại”,1
344,Đức Quốc: Hiệp tâm cầu nguyện cho Đồng Tâm trong đêm giao thừa,1
194,Vì sao Hoa Kỳ gởi công hàm cho Liên Hiệp Quốc vụ Biển Đông?,1
111,Vắc xin Covid-19: Trong giai đoạn thử nghiệm cuối – Dự báo cuối năm sẽ đưa vào sử dụng,1
297,Đại dịch COVID-19 là cơ hội để Việt Nam thoát Trung,1
798,Tình hữu nghị đắt đỏ,1
97,"7 Dân Biểu Hoa Kỳ gởi thư chung cho TT Phúc, yêu cầu tôn trọng tự do ngôn luận, trả tự do cho các tù nhân lương tâm",1
84,Lại chuyện sức khoẻ của lãnh đạo là Tối Mật,1
171,LS Đài: Vụ bắt giữ gia đình Trịnh Bá Phương liên quan đến ông Lê Đình Chức bị nguy hiểm tính mạng trong trại giam,1
156,Nhà cầm quyền CSVN sắp xét xử vụ Đồng Tâm,1
715,Hậu quả của một nền giáo dục tồi,1
29," Phát huy sức mạnh của nhân dân trong đấu tranh chống quan điểm sai trái, thù địch ",0
535,Tù nhân lương tâm Nguyễn Đặng Minh Mẫn phát biểu lần đầu tiên trong ngày ra tù,1
328,Các bác sĩ nói gì về tình trạng dịch bệnh virus corona tại Việt Nam,1
501,Cháy công ty Rạng Đông: Chính quyền che giấu thông tin làm nhiều người bị nhiễm độc thuỷ ngân,1
239,Phong trào đọc và làm theo báo đảng,1
717,Hoa Kỳ đẩy mạnh quan hệ quân sự với Việt Nam,1
489,Paris: Biểu tình chống Trung Cộng xâm lấn chủ quyền Việt Nam tại Bãi Tư Chính,1
488,Ngày Quốc Tế Dân Chủ tại Paris,1
339,Bà Dư Thị Thành: Những gì thực sự xảy ra ở nhà ông Lê Đình Kình ngày 9/1/2020,1
348,Cụ Lê Đình Kình – Nhập Cuộc và Ra Đi,1
796,Tự vệ và Đấu Tranh Bất Bạo Động,1
220,Thế hệ trẻ Việt Nam nghĩ gì về biến cố 30 tháng Tư,1
56,Sự phung phí không cần thiết,1
284,"Tham nhũng từ cổng chào, tượng đài cho đến độc quyền và quỹ đất",1
174,"Tin nóng: Công an bẻ khóa cửa, bắt nhà hoạt động Trịnh Bá Phương và bà Cấn Thị Thêu ",1
75,Ngón đòn thâm ác của cơ quan Cảnh Sát Điều Tra khiến 29 người dân Đồng Tâm “nhận tội” trước tòa,1
662,Thầy giáo Nguyễn Năng Tĩnh bị CSVN bắt giữ,1
170,Đừng mơ lót ổ đại bàng!,1
151,"Không thể để lươn, chạch trèo cao",1
311,Chung một số mệnh,1
683,"Formosa: Thủ phạm đã rành rành, đừng lòng vòng nữa!",1
36,Ông Phạm Minh Hoàng: Nhà nước muốn “tịch thu” tiền quyên góp cho đồng bào miền Trung?,1
813,"Hôm nay “Đặc khu, 99 năm”, ngày mai “Toàn Việt Nam, 1.000 năm”",1
462,Nguyễn Phú Trọng nói tới “Biển Đông” trong Hội nghị trung ương 11 để làm gì,1
87,"Vì sao đều bị kết luận “có sai phạm” nhưng có quan chức vào tù, có người thoát?",1
40, Nghệ sĩ đăng thông tin quảng cáo: Trách nhiệm công dân trước cộng đồng ,0
5, Thủ đoạn lợi dụng ChatGPT để lan truyền tin sai sự thật ,0
779,"Trung Quốc gia tăng sức ép trên Biển Đông, Hoa Kỳ phải thay đổi chính sách",1
359,Vụ Đồng Tâm: Thủ đoạn ngụy biện mới của Ban Tuyên Giáo,1
51, Co.opmart giảm giá mạnh cho sản phẩm xanh ,0
310,Hội Nghị Geneva 2020 – Diễn đàn cho nhân quyền và dân chủ,1
425,Phiên tòa 11/11: Lại vu khống ‘khủng bố’*,1
345,Mùa xuân kể chuyện xưa: Ra Lý Sơn vọng Hoàng Sa,1
180,HRW: Việt Nam gia tăng đàn áp bất đồng chính kiến ôn hòa,1
579,Không ai bị truy tố ở Sơn La,1
759,Ông Nguyễn Xuân Phúc lại làm dáng,1
26," Kiên quyết đấu tranh với bệnh quan liêu, xa dân ",0
20, Gìn giữ nét đẹp văn hóa ngày Tết ,0
135,Làm thế nào để đốt tiền “thổi”…GDP?,1
12,"Chứng chỉ, văn bằng để nuôi tham nhũng",1
17," Đấu tranh, phản bác các luận điệu xuyên tạc bản chất Nhà nước xã hội chủ nghĩa ở Việt Nam ",0
414,Phản đối bản án phi nhân gán cho người yêu nước,1
123,"Khi tử thần gõ cửa, đừng “cố đấm ăn xôi”",1
609,Về vụ thanh tra Bộ Xây Dựng bị bắt quả tang nhận hối lộ,1
340,Chết vì dịch hay chết vì chính quyền?,1
4,Đường tới… thiên đàng XHCN,1
507,Thêm một nạn nhân trong vụ án Gateway,1
486,Nếu tôi được mời ‘gặp’ ông Nguyễn Phú Trọng…,1
318,Các Dân Biểu Mỹ yêu cầu nhà cầm quyền CSVN thả tù nhân lương tâm,1
525,Vì sao sau trận mưa: Phú Quốc biến thành Phú Nước,1
235,Thương tiếc Rolin Wavre,1
808,Chị Ngân Lẻo Mép,1
620,Trung Cộng làm gì với Hong Kong?,1
204,Bộ mặt Việt Nam hậu Covid-19,1
762,Hán hoá Việt Nam bằng tiền tệ,1
469,Không khí ô nhiễm Hà Nội và Sài Gòn: Thử tìm nguyên nhân và giải pháp,1
2," Đồng Tháp kiểm tra, chấn chỉnh nguy cơ mất an toàn lao động ",0
46,Chung quanh bộ sách Tiếng Việt Lớp 1,1
105,"Ông Rolin Wavre: Một nhà hoạt động cho Nhân Quyền, một người bạn của TNLT Việt Nam",1
651,Nước mắt người lính vụ Thiên An Môn của 30 năm trước!,1
599,Thế giới cầu nguyện cho các Tù Nhân Lương Tâm bị tra tấn,1
815,Trung Quốc và những “Tiểu Quốc” mang tên “Đặc Khu”,1
63,64 Dân Biểu Nghị Viện Liên Âu kiến nghị EU đòi hỏi Việt Nam cải thiện nhân quyền theo cam kết EVFTA,1
276,"Tiễn biệt Thiếu Tướng Lê Minh Đảo, cựu Tư Lệnh Sư Đoàn 18 Bộ Binh, QLVNCH",1
532,Tù Nhân Lương Tâm và những địa ngục sau song sắt,1
772,Việt Nam đang trở thành bãi rác của thế giới,1
11,"Vụ án Nguyễn Đức Chung: Phan Huy Lệ là ai, vì sao lại “không liên quan?”",1
558,Nguyễn Đặng Minh Mẫn – 8 năm đi tù vì tuyên xưng chủ quyền Đất Nước,1
804,CSCĐ sợ gì?,1
326,Đảng và dân tộc,1
666,Thông điệp gì trong 3 câu hỏi của Nguyễn Phú Trọng,1
32," Thay đổi tư duy trong đầu tư, phát triển văn hóa ",0
671,Nỗi lo Hán hoá – cả nước ung thư,1
91,Nhân vụ Nguyễn Đức Chung: Global Magnitsky và tài sản phi pháp,1
479,Đường cao tốc Bắc – Nam: Thấy gì qua việc chọn thầu?,1
636,10/6: Những bài học tuyệt vời,1
616,Băm nát cả nước,1
623,"Hong Kong, Việt Nam chung mối hiểm họa Bắc Triều",1
142,"Nắng mưa là bởi do Trời, lũ lụt là bởi “nhân tài” đảng ta",1
788,Quốc Hội Hoa Kỳ yêu cầu Facebook và Google không hợp tác với Việt Nam,1
167,Hội thảo: CSVN lợi dụng Covid-19 đàn áp tự do ngôn luận,1
440,"Rút tàu thăm dò địa chất, Trung Quốc chuẩn bị đưa giàn khoan vào vùng biển của Việt Nam?",1
630,Vì sao hơn 1 triệu người Hong Kong xuống đường biểu tình?,1
34," Quyết tâm trong đấu tranh phòng, chống tham nhũng, tiêu cực ",0
113,Tất Thành Cang thoát tội,1
121,Tội của Lê Khả Phiêu,1
420,"Việt Luận phỏng vấn ông Lý Thái Hùng, Tổng Bí Thư Đảng Việt Tân",1
162,Những “thiên tài” AQ,1
275,Làm gì nếu bạn bị nhiễm hoặc nghi bị nhiễm COVID-19?,1
79,Phiên tòa Tội Ác,1
470,Người nước ngoài rời bỏ Hà Nội vì ô nhiễm không khí nghiêm trọng,1
463,“Nhóm lợi ích” huỷ hoại môi trường ở Việt Nam và tấn công AirVisual App,1
401,Mạng Lưới Nhân Quyền công bố kết quả Giải Nhân Quyền Việt Nam 2019,1
333,"Việt Nam phải đóng cửa biên giới với Trung Quốc để phòng dịch viêm phổi Vũ Hán, bảo vệ dân",1
624,Những thách thức đằng sau đầu tư nước ngoài từ Trung Quốc,1
580,“Người đàn bà đẹp” Nguyễn Thị Kim Ngân,1
747,Việt Nam: Hãy hủy bản án khắc nghiệt đối với ông Lê Đình Lượng,1
480,Cuộc “đại thẩm phán” tại LHQ hay điếu văn cho chủ nghĩa cộng sản?,1
1,Ngày Quốc Tế Nhân Quyền: Năm 2020 CSVN tiếp tục gia tăng đàn áp,1
646,"Vắng mặt Nguyễn Phú Trọng, Quốc Hội và Chính Phủ tranh quyền",1
716,Sau giàn khoan HD 981 năm 2014 giờ giàn Dongfang 13-2 CEPB,1
783,Khi những kẻ đốn mạt “trồng người”,1
15, Phát triển công nghiệp văn hóa trước yêu cầu của thời đại ,0
306,Tại sao tỉnh nghèo Nghệ An bỏ hơn 8 tỷ đồng dựng tượng đài Lênin?,1
242,Bác sĩ chuyên khoa virus học: Sẽ còn nhiều đợt lây nhiễm Covid-19,1
130,Những cái “Nhất” của Hà Nội,1
129,Việt Nam làm được gì trong chuỗi cung ứng toàn cầu,1
246,Kền kền Đỏ,1
792,Công an mở cửa mời cả nước bạo động,1
287,Vụ án Trương Duy Nhất là đòn trả thù chính trị hèn hạ,1
90,Nguyễn Phú Trọng lại biến mất – Thông tin sức khoẻ của lãnh đạo CSVN vào danh sách “tối mật”,1
267,Ai đứng sau vụ tán phát văn thư “hỏa táng” nạn nhân COVID-19,1
256,"Sẽ kinh khủng hơn Tần Thủy Hoàng, Hồi 2",1
458,Nhà cầm quyền dung túng cho Tướng Công An Đỗ Hữu Ca xây biệt phủ lấn sông,1
601,Hành tung ẩn hiện và lò của ông Trọng & gian lận điểm thi trung học phổ thông,1
569,Tương lai chính trị của Nguyễn Thị Kim Ngân sau chuyến thăm Trung Quốc,1
23,Nguyễn Văn Bình sẽ bị trảm?,1
603,Các cựu TNLT lên tiếng về vụ TNLT Trương Minh Đức tuyệt thực hơn 16 ngày,1
473,Chính quyền bất lực trước tình trạng ô nhiễm không khí khủng khiếp tại Hà Nội và Sài Gòn,1
226,Phạm Minh Hoàng: So sánh nền giáo dục VNCH và nền giáo dục CSVN,1
647,Thiên An Môn 30 năm sau,1
626,Nguyệt Nga & Kim Ngân – Những đàn em trung thành của Bắc Kinh?,1
370,10 sự kiện nổi bật trên thế giới trong năm 2019,1
16,Tin đặc biệt: Việt Nam đe dọa đóng cửa Facebook liên quan đến đòi hỏi kiểm duyệt,1
641,Thiên An Môn – 30 năm thế giới vẫn không quên,1
31, Trách nhiệm của các nền tảng mạng xã hội ,0
669,Vấn nạn giáo dục học đường,1
665,Brexit: 3 năm nhìn lại,1
316,Hiệp Định EVFTA và những cơ hội mới cho phong trào đấu tranh dân chủ tại Việt Nam,1
82,"Đừng hỏi tại sao Phạm Phú Quốc có 2,5 triệu Mỹ Kim",1
365,Phạm Minh Hoàng: Nguyễn Phú Trọng “nổ mây đen và mặt trời” để che đậy thực trạng Việt Nam,1
264,Nhà cầm quyền CSVN đang che giấu thông tin dịch bệnh Covid-19 như thế nào,1
653,Kinh tế Việt Nam sẽ qua mặt Singapore năm 2029?,1
221,Khi chánh án là “vua”,1
710,"30/4: Tôi mong họ sống mãi, không bao giờ chết!",1
54,Nếu tôi có đi tù…,1
115,Hàng trăm ngàn dân xếp hàng mua báo để ủng hộ chủ báo vừa bị bắt,1
293,DB Chris Hayes yêu cầu Ngoại Trưởng Úc áp lực Việt Nam trả tự do cho ông Châu Văn Khảm,1
405,Những điều “kinh dị” trong vụ án “trốn thuế” của Luật Sư Trần Vũ Hải,1
173,CSVN thua đau ở Biển Đông,1
559,"Công dân Úc, ông Châu Văn Khảm đã bị giam giữ 6 tháng tại Việt Nam mà không có luật sư bào chữa",1
577,Phản đối chính sách hành hạ tù nhân lương tâm,1
49,VietJet – Vietnam Airlines: Hai mảng màu tối sáng,1
294,"Người dân Đồng Bằng Sông Cửu Long kêu cứu, nhà nước làm ngơ miền Nam",1
28,Ông Lý Thái Hùng: Liên minh Trà Sữa kết nối giới trẻ đấu tranh ở Châu Á,1
190,Các tổ chức nhân quyền kêu gọi trả tự do cho các nhà văn và bloggers bị bắt giữ,1
214,LS Nguyễn Văn Đài: Vụ oan án Hồ Duy Hải kéo dài 12 năm do mục đích bao che và chính trị,1
234,Phạm Minh Hoàng: Việt Nam cần làm gì để ngăn cản Trung Quốc ở Biển Đông,1
241,Viễn cảnh Việt Nam sau đại dịch COVID-19,1
9, Chống tham nhũng là mệnh lệnh sống còn của Đảng ,0
391,Alexandre de Rhodes: Kẻ mang tội ác?,1
549,Dã tâm lâu dài của Trung Cộng,1
112,Sức mạnh của số đông,1
182,Ý nghĩa về sự hiện diện 3 hàng không mẫu hạm Hoa Kỳ tại Biển Đông,1
109,Dân tộc bị nguyền rủa,1
799,Ông Trọng: Trong héo – Ngoài tươi,1
132,Ông Phạm Minh Hoàng: Trung Quốc đẩy người mang virus corona sang Việt Nam?,1
10," Bài 2: Dám nghĩ, dám làm, tự giác chịu trách nhiệm ",0
34,Ai cấp phép xây các thủy điện gây thảm họa bất chấp cảnh báo của giới chuyên gia?,1
367,Sự kiện Việt Nam & Thế giới: tổng kết 2019 và dự phóng 2020,1
531,Đánh hay không đánh?,1
229,"Covid-19: Trung Cộng vô trách nhiệm, hống hách và đáng kinh tởm",1
3, Giá hàng hóa nguyên liệu biến động mạnh ,0
422,Không ai đoán được hiệu ứng Domino năm 1989*,1
376,Chiến dịch càn quét của CSVN đối với các nhà hoạt động dân chủ?,1
597,Trung Cộng ngang ngược kéo quân tập trận sâu xuống cận Trường Sa,1
165,Ông Lý Thái Hùng: Mục đích của CSVN khi vu khống ông Châu Văn Khảm là “khủng bố”,1
230,Tại sao “Công Hàm Phạm Văn Đồng” là công hàm bán nước?,1
499,Vì sao người Trung Quốc dễ dàng biến Việt Nam thành xưởng sản xuất ma túy,1
635,"Kiện Formosa ra tòa án quốc tế, tia hy vọng mới cho các nạn nhân",1
51,"Vì sao nhà báo, nhà hoạt động nhân quyền Phạm Đoan Trang bị bắt vào lúc này?",1
773,Nói thật sau khi nghỉ hưu,1
184,Phạm Minh Hoàng: Tính phí rác sinh hoạt theo khối lượng không khả thi,1
272,COVID-19: Nước Ý có còn là nước Ý?,1
335,Về chuyện rèn luyện những “hạt giống đỏ”?,1
400,Vì sao CSVN bắt và truy tố TS Phạm Chí Dũng?,1
456,"Hạ Viện Mỹ thông qua dự luật trừng phạt quan chức vi phạm nhân quyền, làm suy yếu quyền tự trị của Hong Kong",1
411,Nhà giáo Phạm Minh Hoàng phân tích vụ cư dân mạng tẩy chay Thành Long,1
789,Tiêu đời anh Tuấn 4T,1
840,Hòa giải Nam và Bắc Hàn ló dạng?,1
700,Tại sao Huawei bị Hoa Kỳ tìm cách cô lập,1
500,Người Việt tại Anh Quốc biểu tình chống Trung Quốc vi phạm biển đảo Việt Nam,1
734,Nhìn lại những vụ đốt lò của ông Trọng năm 2018,1
395,Cộng đồng người Việt tại Đức vận động cho nhân quyền Việt Nam và hoãn phê chuẩn EVFTA,1
27,Ai giúp Bộ Trưởng Nguyễn Văn Thể thoát nạn?,1
55, [Ảnh] Chủ tịch Quốc hội Vương Đình Huệ dự Lễ khai mạc Năm Du lịch quốc gia 2023 ,0
638,Chúng ta sẽ hồi sinh,1
614,Nét đẹp trong đời sống: Tình yêu thương giữa cha mẹ và con cái – Chữ Hiếu trong văn hoá Việt Nam,1
355,Phạm Minh Hoàng: Luật đất đai sẽ còn gây ra nhiều thảm cảnh Đồng Tâm,1
41," Ngăn chặn tình trạng lập hội, nhóm tiêu cực trên không gian mạng ",0
693,Kinh tế tụt hậu và phát triển khập khiễng,1
24,Liệu Việt Nam có thể trở thành “kỳ tích Châu Á?”,1
602,Chí Phèo 4.0,1
419,Đông Âu 1989 – 30 Năm Nhìn Lại: Ba Lan cuộc cách mạng 10 năm,1
237,LS Nguyễn Văn Đài: Vì sao báo chí rầm rộ đưa tin về Đường “Nhuệ”?,1
295,Cơ hội cuối cùng,1
776,Thảm họa vỡ đập tại Lào đã cảnh báo điều gì?,1
291,Úc: Biểu tình phản đối bản án đối với ông Châu Văn Khảm và các nhà hoạt động,1
755,Các doanh nghiệp Việt ‘ngại lớn’?,1
476,Sông Đồng Nai đang bị bức tử!,1
562,Bãi Tư Chính: Bắc Kinh vừa ăn cướp vừa la làng,1
9,“Miếng da lừa” cuối cùng của đảng Cộng Sản Việt Nam,1
746,Tổ chức Ân Xá Quốc Tế: Việt Nam phải tôn trọng nhân quyền trong Luật An Ninh Mạng,1
775,Lò của ông Trọng sớm tắt ngấm?,1
600,Kinh tế Việt Nam bị thiệt hại vì nạn hàng Trung Quốc đội lốt hàng Việt,1
253,COVID-19: Hãy tiếp tục chung tay hỗ trợ những người bị bỏ quên,1
244,Trung Quốc chặn nước sông Mekong khiến nạn hạn hán ở hạ nguồn tồi tệ hơn,1
821,Cần loại ngay từ “thu giá” ra khỏi ngôn ngữ nói và viết,1
678,Luật hoá “nịnh bợ cấp trên”,1
32,"Facebook “quảng cáo” tự do ngôn luận. Ở Việt Nam, công ty hỗ trợ kiểm duyệt",1
477,Nhóm chống biến đổi khí hậu Việt Nam bị ngăn cản tổ chức tuần hành,1
526,Hơn 60.000 người Nga xuống đường biểu tình đòi tự do bầu cử,1
30, Thực hành dân chủ và tăng cường pháp chế ,0
161,CSVN “quảng cáo” cho Hội thảo đàn áp tự do ngôn luận,1
703,Thu phí người nuôi bệnh là sự tàn nhẫn không tình người,1
52,Vụ án đạo văn bằng tiến sĩ,1
723,Xã hội Việt Nam có hạnh phúc?,1
416,Hướng về phiên tòa xét xử ba nhà hoạt động dân chủ,1
560,Báo cáo láo hay che giấu yếu kém,1
392,Câu chuyện trá hình,1
502,"Tiết lộ: Đặc Khu Trưởng Hong Kong muốn từ chức, sẽ bắt thêm người biểu tình",1
217,Chiếc áo choàng cũ của “tân vương”,1
247,Công hàm gởi LHQ và cái chết ngã lầu mờ ám của LS Bùi Quang Tín,1
300,Các tổ chức gởi thư yêu cầu Hội Đồng Nhân Quyền LHQ điều tra vụ thảm sát Đồng Tâm,1
320,"Việt Nam giúp, Trung Quốc không cám ơn: Hai sự kiện, chỉ một ý nghĩa!",1
385,"Sydney, Úc Châu kỷ niệm Ngày Quốc Tế Nhân Quyền lần thứ 71",1
22,Lấy quyền gì thôn thu lại tiền cứu trợ bão lụt?,1
672,Ông Nguyễn Xuân Phúc phải giữ lời “đóng cửa Formosa”,1
777,Sợ tướng ‘tâm tư’ chứ không ngại dân ‘tâm tư’,1
68,Chết mà không được chôn,1
464,Câu chuyện nữ trưởng phòng tỉnh ủy Đắk Lắk,1
697,Hồng phúc dân tộc,1
49, Gieo trồng “hạt giống” văn hóa doanh nghiệp tại TNG Holdings Vietnam ,0
43,"Nền kinh tế “3 chân, còn 1” và khả năng trở thành “kỳ tích Châu Á”",1
124,Đảng và Trí Thức,1
444,Tướng Trung Quốc lộng ngôn về chủ quyền Biển Đông trước mũi Bộ Trưởng Xuân Lịch,1
403,Miền Nam Việt Nam trước thảm họa môi sinh và xã hội,1
781,Thương mại: Mỹ hòa với châu Âu để dồn sức đánh Trung Quốc,1
268,Bác sĩ ở Pháp nói về biến chuyển triệu chứng COVID-19 trong hơn 14 ngày cách ly,1
374,Dân biểu Quốc Hội Âu Châu nói gì về Hiệp Định Tự Do Thương Mại EU – Việt Nam,1
427,Đảng Cộng Sản nên chấm dứt thói vô trách nhiệm,1
584,Quốc tế lên tiếng về tình trạng TNLT tuyệt thực ở Trại giam số 6 Nghệ An,1
503,Carrie Lam nhượng bộ – chính thức hủy bỏ dự luật dẫn độ,1
568,Vấn nạn “nhạt chính trị” nơi nghị trường Quốc Hội,1
410,Tổ chức Theo Dõi Nhân Quyền: Úc cần lên tiếng mạnh mẽ cho ông Châu Văn Khảm,1
522,"Đánh không, không đánh?",1
141,Bệnh nổ dễ lây ở Việt Nam,1
89,Mục tiêu “hùng cường” của ông Phúc và câu chuyện “cách mạng công nghiệp 4.0” ở Việt Nam,1
817,Nguy cơ an ninh khi lập đặc khu cho thuê 99 năm,1
732,Nhìn lại vụ án bắt cóc Trịnh Xuân Thanh qua phiên tòa Nguyễn Hải Long,1
394,"Giúp xây đường sắt Hải Phòng – Lào Cai – Côn Minh, Trung Cộng muốn thôn tính Miền Bắc Việt Nam",1
12, Lợi dụng quyền dân chủ để chống phá chế độ ,0
675,"Nguyễn Phú Trọng xuất hiện, lò nóng trở lại?",1
705,"Ông Tổng Tịch chưa chết, giá xăng đã lên tới trời",1
523,Tháng 8 – Mùa tưởng niệm,1
36," Đổi mới giáo dục cho trẻ em, vì trẻ em ",0
594,Những “tình huống thú vị”,1
282,Tổ Chức Y Tế Thế Giới WHO: Hướng dẫn & giải thích những hiểu sai về COVID-19,1
21,Tại sao ông Trọng cho “trảm” Nguyễn Văn Bình?,1
158,Chó cắn áo rách,1
117,Nhà giáo Phạm Minh Hoàng: Những “bất thường” trong kết luận vụ Tiến Sĩ Bùi Quang Tín ngã lầu,1
150,Tâm Thư Gửi Bác Vũ Quý Kỳ,1
362,Đồng Tâm và Hồn Dân Tộc!,1
721,Cao tốc Bắc – Nam: Nói không với nhà thầu Trung cộng*,1
605,Tuyệt thực trong tù để làm gì?,1
108,"Việt Nam ơi, đừng giao trứng cho ác!",1
53," Bảo đảm du lịch an ninh, an toàn ",0
768,Think Tank Việt Nam?,1
714,Làm ngược,1
35, Bảo vệ chủ quyền quốc gia trên không gian mạng ,0
155,Vụ oan án Hồ Duy Hải: Công an “vào cuộc” đe dọa các đại biểu quốc hội,1
41,15 dân biểu liên bang Hoa Kỳ yêu cầu Bộ Ngoại Giao kêu gọi CSVN tôn trọng nhân quyền và luật pháp trong vụ Đồng Tâm,1
801,Cuối tuần 17/6 thất bại?,1
724,Sán lợn và 10 chuyện gớm ghiếc chung quanh,1
375,Quân đội phục vụ đảng hay tổ quốc?,1
48, Tái hiện non sông Việt Nam qua bộ sưu tập áo dài “Việt Nam gấm hoa” ,0
699,Không nên im lặng trước việc tăng giá điện,1
441,Cố Thứ Trưởng Lê Hải An là nạn nhân của TBT Nguyễn Phú Trọng,1
366,Nguyễn Phú Trọng có dám bắt Nguyễn Tấn Dũng ra “hầu toà”?,1
228,Vì sao hạt gạo Việt Nam thua xa hạt gạo Thái Lan?,1
38,TNLT Lê Đình Lượng tuyệt thực trong tù để đòi quyền được sống xứng đáng,1
